Time,stream_gage_4,stream_gage_8
2.8469120E+06,1.6364067E+02,1.6605104E+02
8.2765155E+06,,1.6487820E+02